{
    "best_valid": 0.8811538461538462,
    "selected_epoch": 19,
    "test": 0.8803365384615385,
    "time": 517.7624247074127
}