{
    "best_params": {
        "conv_params": [
            32,
            64,
            128
        ],
        "fc_params": [
            64,
            32
        ],
        "batch_size": 64,
        "lr": 0.00074697575772725
    },
    "best_spearman": 0.5703764789198574
}