{
    "best_params": {
        "hidden_size": 256,
        "batch_size": 64,
        "lr": 0.0012188386160331935,
        "bidirectional": true,
        "dropout": 0.08208098128565147
    },
    "best_spearman": 0.6572309854176064
}