{
    "best_params": {
        "kernel_size": 7,
        "batch_size": 128,
        "lr": 0.00034881696329443587,
        "dropout": 0.18079852008207586,
        "conv_params": [
            16,
            32,
            64
        ],
        "fc_params": [
            128
        ],
        "no_maxpool": false
    },
    "best_spearman": 0.6437025697773726
}