{
    "width": 16,
    "lr": 0.1,
    "dropout": 0.0,
    "weight_decay": 0.0,
    "val_acc": 0.7748076915740967,
    "runtime": 77.24940061569214
}