{
    "width": 256,
    "lr": 0.1,
    "dropout": 0.2,
    "weight_decay": 0.0,
    "val_acc": 0.9112980961799622,
    "runtime": 133.45374202728271
}