{
    "width": 32,
    "lr": 0.1,
    "dropout": 0.0,
    "weight_decay": 0.0,
    "val_acc": 0.8460577130317688,
    "runtime": 87.95853447914124
}