{
    "config": {
        "softmax": false,
        "maxpool": true,
        "learning_rate": 0.001,
        "optimizer": "adam"
    },
    "best_valid": 0.9573598130841121,
    "selected_epoch": 174,
    "test": 0.9391990646009939,
    "time": 759.98996925354
}